PC1,PC2,PC3,PC4,PC5,PC6
-0.3375833975852867,-0.7791757981256311,0.023892198123671958,2.065507902851794,1.150061256529041,0.7407087370926052
-0.630498868725173,-2.0113406316915055,0.7062623523867337,1.326704054754258,0.743709306128214,0.8544404760319618
0.13221339045479327,-0.880433321642817,-0.0440460585145818,2.453373016938231,0.3821346605904229,-0.2482692534749204
-0.0247197396488544,-1.4425486846615818,0.4078057481124061,1.8513411994853988,0.6698092242045581,0.1319803623708757
-0.7687493984395537,-1.90145874938628,0.8201322321183148,1.269245919628973,0.8449890528913453,0.7573011808854279
-0.8469160858883816,-0.5772574363504863,-0.4998482977512511,2.7070014783163696,0.2722723606871907,-0.43780932830992436
0.004845836599585798,-1.5297128699341074,0.8144171418397861,1.5719866368321351,0.8093797527420258,0.13950258451151437
-0.8905650476163064,-1.6497933982355002,0.7058134569584651,1.4779473791573812,0.7192616938917115,0.3629427367917344
-0.9488924262477575,-0.9272721926022731,0.019817366986313725,2.255314581621539,0.387188855828304,-0.3099063827954199
-0.5890007632939317,-1.269319508308236,0.767317135950429,1.6273435751657555,0.8315473389342122,0.17440921387828645
-0.6184270189130039,-1.3641656508213458,1.3499267152541108,1.4492378630932463,0.5493435724532959,0.4586090225456171
-0.9195743251342523,-1.6392755848927965,1.0145633223642991,1.2793275750496502,0.881612652699463,0.26233517525444766
-0.7282549993393067,-1.253991404585242,0.7234989945487119,1.6793819574113273,0.7307178945929679,-0.2111962600012297
-0.9614953180198725,-1.5972673773838173,1.1106174209297626,1.249593553333723,0.8882469752104443,0.1417622064742275
-1.100242638667292,-0.8984966289036319,0.4131673136428887,2.0214796244250337,0.5272932182926846,-0.5179679719764276
-0.9379313437847677,-1.5016904544905978,1.2056423027383723,1.217539130493233,0.9869286855251558,0.053799534412036165
-0.649906025305989,-1.0495586854394072,1.5520519567814068,1.149190985752859,1.4069682903266971,0.4791711019705782
-0.6083141629818972,-1.051944623728344,1.858618443370917,1.3986516804529676,0.5235222582282953,0.16500215956858746
-1.177322383364785,-1.4921799294471687,1.3090828949139526,1.1546057963267438,0.9629608793960502,-0.0976722214088097
-1.2124378713575041,-1.2432173882519026,1.101403561497318,1.3992108659969686,0.8695945728511459,-0.36560098474786074
-1.0514106453458947,-1.259104564857013,1.2888757828828474,1.264688693725315,1.0288408790894183,-0.3338115643345651
-0.8371907217392796,-1.0883506504853835,1.3011481512378191,1.4163787812858613,0.9238731068215151,-0.5716457504682495
-0.99467680205851,-1.2115596456842186,1.3924406771574616,1.237536123341175,1.0614082465826873,-0.4890284104594175
0.16261619946943887,-0.8945227842601281,1.6214170494301028,1.4656311913024715,1.0448373376683497,-0.9615246232639901
-1.2599265334035157,-1.323986794028746,1.5955664269407088,1.0608622037105064,1.061746377550541,-0.42322609571777386
-1.2722197764204635,-1.1339957178277806,1.4897759848785375,1.1724450090766774,1.1146077037104516,-0.5565128466866484
-1.3904408562427601,-1.4157985043456183,1.7724804753003485,0.879889050875842,1.1634560949444759,-0.4075029155740145
-0.8474941831703071,-0.6262184790237342,1.3383800028490775,1.5903503137867376,1.000549577772535,-1.0914009155460656
-1.3148990930114153,-0.7641698068494557,1.2736090965446765,1.5199908515104423,0.9268242621351043,-1.0850199468172308
-1.4108563287558156,-1.2234423944355528,1.7936397967765734,0.96216446860057,1.1650168505716294,-0.6834992774801129
-1.0696807089883555,-0.5630688621606476,1.5561204425482125,1.559079572938585,0.8624018191271646,-1.1671385110898493
-0.5865563644501746,0.8613040146362942,1.2417806693016449,2.6906140410118873,0.27757668469746066,-1.7047754495377017
-0.2604595844980187,-2.173708611727161,0.07334913687592956,1.67485667560877,0.49171757073858985,1.3564246233339359
-0.41037117692229635,-2.2223567899323426,0.2131837222063776,1.5172778351516631,0.6159626003154477,1.500244265035413
3.5380794705829723,-2.0622797206293724,1.1931524466067407,1.6120671403035838,1.0983211087133702,0.6156667365350009
0.0077009520252534465,-2.077162257520994,0.2714539123786596,1.6396765159591393,0.5830324485008047,1.1028304830000142
0.36389464849292164,-1.4969479298904893,-0.14077922988277652,2.163212977287693,0.5502113443562868,0.5615234765982385
-0.5297534872515307,-1.2814612618917243,-0.5865700981703637,2.498426758376396,0.1552235205232326,0.3895525827484157
-0.2473730496024294,-2.1248463288999364,0.479358520114182,1.449362805840514,0.6746939678865734,1.0898437593039736
-0.4146274070046256,-1.5636226693223012,-0.10099283037817974,2.0731722717360825,0.3887632518665575,0.5672327135864358
0.19544162549055816,-1.8918712997198024,0.7102811937003042,1.485537212831536,0.7594511770669758,0.9119809148464393
1.1621765116099438,-0.669022791020767,-0.5047421652092908,2.9270125249652814,0.3331074807628282,-0.7146233487250444
0.27670308776338437,-1.7472645948074874,0.4991442719161181,1.6768719017076021,0.7289919743897729,0.45891658462156887
-0.3795625594564551,-0.36042487929794953,-0.2732422399804859,1.3286710980830174,0.8130806813369877,0.8567388018435323
-0.4560652088842703,-1.6307925393247982,0.42682616736770074,0.5956452860485876,0.40411288100315096,0.8448005656888357
0.1799881947132911,-0.4910113643485589,-0.3267320651975071,1.7195575489258372,0.021410146074265793,-0.19218298440497203
0.4857142755538152,-0.9612320870724096,0.04315486801280469,1.2468857554010366,0.3611411783094689,-0.08149108449664152
-0.6734054151185807,-1.499563768084332,0.49434702238471157,0.5246835477440307,0.5794990188678362,0.7919516547933031
-0.7304884885140481,-0.22610559775279124,-0.8133331409230228,1.9610705538075106,-0.049300455277212295,-0.4457626949412829
0.010037032109962459,-0.8133746463825022,0.15069890856674895,1.2292821166848622,0.2712455922612304,-0.12507618627650705
-0.7806241270939044,-1.060795060705305,0.14466348710612528,0.9968995268194852,0.29210895923904273,0.1468264970682693
-0.8344396876405805,-0.43139769968130454,-0.3796554895734266,1.656352150877848,-0.0299942102164036,-0.398816518487458
-0.4755657542837481,-0.6630954008630379,0.23896648089785905,1.157402219454333,0.36685401599511075,-0.023463034427264804
-0.5158884536898668,-0.9827837792403684,1.0530863340363568,0.7117127746689285,0.2195455042650634,0.4798536665237922
-0.7883284112303192,-1.2711661628560096,0.7122742885079045,0.5394106536474862,0.5575579048257342,0.2596172903902423
-0.628733398371261,-0.9072336464412344,0.40394311586854215,0.931146023622909,0.41003827114266644,-0.2163100707516758
-0.8593283663305983,-1.24379286581124,0.7982118965213182,0.5046046509666847,0.5608209561199886,0.14040596187711327
-0.9825505663202649,-0.5450945302838119,0.10131146843744793,1.2767172421276094,0.20387751812675894,-0.5258715216088641
-0.8260252995538632,-1.0104278905476525,0.7881248970025201,0.6132603477095582,0.5932991562949125,-0.04232619869303775
-0.4534964672240042,-0.6129028800474198,1.3357529615800865,0.4457873321374366,1.0068588267543543,0.5030406506326623
-0.5427150588213342,-0.15476323352987864,1.72444440352122,1.069025379077682,-0.34701143379582505,0.287749861077193
-1.0471382856598828,-1.0276064377477183,0.8699054139345274,0.5406117540643403,0.5908594398043318,-0.2227442986280179
-1.0631570569482411,-0.8871923043915687,0.7920265717234513,0.6561311972744551,0.5526960731545324,-0.38617481305660784
-0.9609990567467028,-0.8731858696847798,0.9821054561333025,0.5222298127647425,0.7229699965945584,-0.2991133206606032
-0.5693098080637297,-0.5772874949605082,0.9176849687873171,0.8271109442793082,0.5335172177975847,-0.7198680310001844
-0.9437608662479007,-0.7257760193299038,1.0496293741774714,0.4943466058267379,0.8858888100199989,-0.3738677200824043
0.08461618176175704,-0.461629933448311,1.1391028524892755,0.8321450092916212,0.6589113730514189,-1.0214709029437534
-1.0895406343199971,-0.9622112925815933,1.2764477300736776,0.31576830280895163,0.7719199730044506,-0.45117894775031825
-1.1598367338611952,-0.7769048426719202,1.1816434340232713,0.4294302319888714,0.7854782069185068,-0.5596796166633253
-1.2711217851916765,-0.9467334408605703,1.3402183054158958,0.26820141752544474,0.7806567926934234,-0.5229811009066654
-0.7513990696645523,-0.11104272166033019,0.958191848047624,1.0002863827447583,0.5575488408188984,-1.1588966059612666
-1.078186123607514,-0.5029001365921854,1.105056839031317,0.6539779252890603,0.6766105999010671,-1.0216776818932485
-1.251442487808483,-0.8556275301323752,1.504961233998298,0.22457955344739192,0.832955852506667,-0.6904600381891937
-0.9114063680968983,-0.13801151220783595,1.3128742479942273,0.8429333674062383,0.4957501698480841,-1.130550491594788
-0.24552618658639233,1.6813678155115186,0.9851904218414134,2.3286613094092163,-0.39993874705127236,-1.8086239602551477
0.009386613555186793,-1.798736936110888,-0.2243924283405707,0.9396221290188649,0.20396737492751968,1.2946215885084866
-0.2484575736993779,-1.8495427637207158,-0.08531120312364317,0.778567156824119,0.30109953858364846,1.4901276911567922
5.5105954893486295,-0.9792580752783041,1.918646907801759,1.235910857551378,0.3312696589150443,0.6012227970821165
0.051005556515703945,-1.7255935622944076,-0.05122659559527781,0.8931436559800617,0.24589494258581163,1.117389892628088
0.3385098395371342,-0.24418489572114824,-1.4545179969039614,2.4666031355063756,-0.2508759470499191,-0.26167817405075866
-0.3133045998182454,-0.9162374837265469,-0.8868576218097481,1.760096059229163,-0.15006673346545393,0.34631245773513875
-0.03694408559105024,-1.7666022412745057,0.1758621866706864,0.7080255027787477,0.3711400920054623,1.0474649451609672
-0.325411607290899,-0.5311692721209594,-1.1561530000091473,2.116762906024283,-0.27412132768771724,-0.07799234429014855
-0.021635586057538618,-1.433978683774169,0.5080467367231012,0.7771203413626787,0.25116842973341225,1.1572303961223493
0.9309440162242641,-0.32913482609172945,-0.8859713560894641,2.173510652812004,-0.04571417227596169,-0.640639297947016
0.9214539251313186,-1.2428255636817078,0.14797967650380814,1.084996780865856,0.4425649521159073,0.19083280273151285
-0.32250226634507817,0.18896264290349693,-0.6847240918515467,0.7280266474806695,0.4524876144399686,0.837434133338489
-0.3367498449611678,-1.2684295208882934,0.12648109989534154,-0.14476589203359888,0.06959045467124607,0.8447384476505682
0.1779194861546584,0.06311923939104665,-0.6875989669884327,1.1332976158549604,-0.43527636729628394,-0.17063927983006494
0.34257367520369103,-0.24525424898143736,-0.45673212855538275,0.6423754956346146,0.2015360232221959,0.06639726292155387
-0.5902630554128961,-1.1467503828518255,0.17637938375536152,-0.2209802473983638,0.25103865949442533,0.7938226567970201
-0.6356205961676689,0.010027802629538752,-1.0080304501383643,1.082085667325753,-0.3163381364722239,-0.339067226467123
0.09290785939472473,-0.5124077199832301,0.02510826499670827,0.3768841368490973,-0.058464264451260704,0.04739162796794733
-0.6637205521014607,-0.7030052348069175,-0.16202097934614496,0.2541074359506603,-0.03643569353943524,0.14338973237287803
-0.7027447340597509,-0.012190621119700828,-0.607891939932894,0.9435545323689213,-0.4336615907894133,-0.3509974333584837
-0.3499090024436686,0.06030825417944646,0.09678017277482026,0.6571061626981533,-0.2799460718775824,0.0964879959622179
-0.20798930585940326,-0.30217545030160153,1.1349896118436535,0.12209521361478054,-0.43472581691321227,0.6870218658758912
-0.6336136228739458,-0.8915158990363949,0.4321938657390948,-0.19294577967512191,0.2148897007306067,0.26031769797696663
-0.4100126087364988,-0.5450990941182206,0.10034997150026069,0.19191280959989657,0.10715704400344579,-0.264466818670961
-0.7332224338951505,-0.762456109019857,0.37505458853239587,-0.1031477227468044,0.17551375336748704,0.032629255868258406
-0.8624505061976249,-0.17598696588457519,-0.19071873245246926,0.5395853899257679,-0.13891602625362381,-0.5202359535924675
-0.7193086139470977,-0.5874317612432921,0.5515173356850306,-0.0998300467578272,0.1925418382873298,0.011535583146360264
-0.21959144984597384,-0.05389818084495732,1.2883044326060455,-0.19841726080534489,0.45257596453842514,0.6407243197226625
0.08987875366181347,2.415746905042345,3.9751952752875073,1.4783848705413365,-3.2803391474238155,1.9372203861905644
-0.9368941704034175,-0.5559018633531243,0.4317456501539923,-0.07281549267927993,0.21780017768594898,-0.3330085961564453
-0.9237447656593241,-0.5296914547875252,0.4848837206606774,-0.08634370486563997,0.23068370948460776,-0.4005932801540215
-0.8374314345985956,-0.4892110693876717,0.6816144939674379,-0.21506910553936248,0.4051088571201278,-0.28847561818444145
-0.45405163014351335,-0.04881699680701587,0.5468532174403212,0.23962552079555882,0.09746905191735131,-0.779484017929561
-0.8630396650332691,1.5990187133872076,0.2919788937749346,-0.0356066255040175,2.6103354563133827,0.8066081190478003
0.7681823517643515,0.4065645976914147,0.7198615354531508,0.5728215769978929,0.08492622393056884,-1.3969444446770896
-0.8677234992149181,-0.5662338428710048,1.0158452380772942,-0.4069834901602363,0.42626561976617244,-0.4691257656469319
-0.9707233470941343,-0.3754418914683238,0.9137660067559996,-0.2959465698006697,0.44872803041943493,-0.558686382020951
-1.1603719815478555,-0.4843322812036527,0.8997007009892609,-0.3468234343732249,0.4037533405388136,-0.6406359121848471
-0.5755563494005328,0.26990909890774883,0.6754356000881947,0.2670766353590751,0.22808749980779644,-1.1659379759246664
-0.7069270911380147,0.23168458181340623,0.7278693861158871,0.24816264826970963,0.1355471418687265,-1.223745522598719
-1.1277312316443884,-0.501830363675692,1.1940766300564143,-0.5199316696389076,0.5105254999883045,-0.7001480156006861
-0.5958589333369448,0.5127255616794175,1.3755513079640886,0.2422160382751314,-0.14158077269266164,-0.9444966060674617
0.011452997601228072,5.74081940763091,1.5236228586962466,2.363269494372804,0.6746534250943735,0.76841273732279
0.12079366589085139,-1.3293709052318645,-0.657968745127445,0.327448103934657,-0.17865517451784388,1.18273236110856
-0.2086874500332493,-1.4671220429918426,-0.38887137921294246,0.03614483715036323,-0.028203733978926428,1.5454815940792692
6.496330698558101,-1.1793071300935942,1.0713309693470883,0.226523710394674,0.8802592019565098,-0.1150437555612238
0.2103306254249906,-1.3455502605016758,-0.3405397477606701,0.16235487001769014,-0.09316372029629984,1.1021536573560637
0.39463736545204325,0.44509456145843795,-2.0342861401156345,1.981989365874879,-0.5554225931698529,-0.3641403608319381
-0.19358319498259854,-0.33555264711796967,-1.4431114364033064,1.2779146362244134,-0.5834550613892674,0.12634618354546817
0.17107810447035712,-1.2943356274384066,-0.24502546658728325,0.09750004196253025,0.009984239174876142,0.9073725198748981
-0.15400734504761185,-0.1730111139010334,-1.4606542612083968,1.371977964025472,-0.5791985636492779,-0.09533904552602078
0.026786335203753998,-0.9893158809802906,0.15760587361996978,0.027995520553840338,0.05150661020140508,1.2413443289759356
1.157444214985904,0.033003028613729876,-1.1809185285473063,1.4340602770823727,-0.3514604902073514,-0.6821510103739524
0.9337404983089603,-0.8851123698523691,-0.18361706569144481,0.3422221168136534,0.0965687952999485,0.2038287534842843
-0.3209228700992876,0.20219506791169753,-0.8330419948840303,0.546890738494861,0.4774138121467407,0.7899757193968887
-0.30413452189667467,-1.217713931160661,0.0383025323428877,-0.3032267250422761,0.03343335894166255,0.8197401692063325
0.2044265661583815,0.14381500265584352,-0.739932575765329,0.9892813776215952,-0.510201189552589,-0.1671575820644428
0.6711776047940919,-0.15144660105750912,-0.44271745100090293,0.506181802902346,0.17091957692805665,0.00634479685764252
-0.5682065896349744,-1.0751079428157877,0.11521766152231415,-0.36949255224186206,0.1847121963051141,0.7938171099830036
-0.6088138860874622,0.08084262800057504,-1.0703180001835009,0.9332456025935607,-0.3801864106433053,-0.3420997890386541
0.13201418497139572,-0.4190393561130008,-0.008490434566470959,0.2390908826810602,-0.14761417662161327,0.06013076425360487
-0.6392005196223309,-0.6352536385839663,-0.22817396348442995,0.10375649027023294,-0.0970429171403807,0.13853278887351567
-0.6863895532008415,0.018063597250193568,-0.7233155217016648,0.7745046739362402,-0.445906584905758,-0.38783656122768606
-0.32920140805908754,0.09480408751702207,-0.014212106479128093,0.48971890827902703,-0.2942610149106827,0.061965135832384
-0.1723308888613964,-0.4244077624044075,0.8258369846150838,-0.11984174411507292,-0.24743954801787246,0.4963103488070318
-0.5942528974249693,-0.8053809987779095,0.37945452559111637,-0.337435982673616,0.1523626443507182,0.26493285760808466
-0.34357698473693354,-0.4694485018918968,0.04347735634547982,0.0459402634691324,0.04922757577317521,-0.2816042073655565
-0.6964610426846347,-0.6826912839789543,0.3242571120963742,-0.247560225165598,0.10311180759687644,0.03374901493299097
-0.8377142885623549,-0.09573936415314047,-0.2408251574007058,0.3952673535155481,-0.21558372136074191,-0.5132179084586348
-0.6861820483595328,-0.5291159344118607,0.47525479184386793,-0.25472347679927715,0.14552939182945082,-0.00380091176148825
-0.23198051929076752,0.08655632154848182,1.3107711388466727,-0.31397465222905063,0.29008496830175057,0.7165292346527729
0.2373445776645979,2.781861212164546,4.286965072055326,1.473840719233543,-3.686797225283983,2.1566564807593775
-0.9118496884186554,-0.4839254181487431,0.3710013035803953,-0.22112012932636488,0.1519051986621922,-0.3340736929285891
-0.902132055141602,-0.462321691374954,0.41834623560989714,-0.2369213988797889,0.16965382399752363,-0.40438103381180174
-0.759829814429842,-0.411155745830058,0.6281933839512231,-0.3597434220602389,0.34712349991657315,-0.3079258648658801
-0.4152864651484202,-0.03898747666585897,0.4053393516228036,0.06155171950807774,0.11635230755825532,-0.8474179864597029
-0.847380243152546,1.6644595587388342,0.2206033773479858,-0.1870779218165266,2.551364327962274,0.8008006456493376
0.6416172007836556,0.4367074845447913,0.5952281899163322,0.40289050756738615,0.03400058442117819,-1.382245008370761
-0.8259047712900758,-0.4976063647003427,0.9502101469036817,-0.556669201462328,0.3699908935262413,-0.4816276098734395
-0.9298494912059785,-0.3172459604577782,0.8216256029924105,-0.4548361061782347,0.42818287800293137,-0.5825259365820225
-1.1368865422642405,-0.4139621636741245,0.8369777489810326,-0.4959273697497297,0.3394249909832158,-0.6424373249774278
-0.43587811786284575,0.4770986440258932,0.5128183480519599,0.26140954247761344,0.11974955474819166,-1.3097769876154715
-0.7197684794132428,0.21159672288678977,0.5473360464996914,0.05383255744752319,0.1819352318477294,-1.294388068356171
-1.0870139667998202,-0.44000560775381914,1.1216764195877718,-0.6730026921773791,0.4615794714236882,-0.7163139380527115
-0.5219771189812044,0.6925521184919475,1.112243055344943,0.20033739525254138,-0.1168892133107861,-1.089786315827513
0.1648998417416716,5.309352855742661,0.8168379585172139,1.9735927543613292,1.296114038015049,0.22798029582457302
0.12037313367983526,-1.2618850909454333,-0.7239548462665609,0.17659895739752,-0.246469556056921,1.1895214241685756
-0.18908090513845485,-1.4028719013185715,-0.4591913430605944,-0.11598183543627445,-0.08590201873449524,1.5398972983351642
7.104270384221001,-1.1095524110182424,1.0458547568356704,0.08272782969440683,0.9677573909531022,-0.3341243883270973
0.4403948522885767,-1.2712278776615693,-0.38245329217049195,0.017025923158850105,-0.11048180104102283,1.0303201352369553
0.4527229986610143,0.5204767948519975,-2.097378881108017,1.83594416428144,-0.6117952401444284,-0.3845202671469919
-0.1794228890179859,-0.14783245594168265,-1.6263090867972314,1.2626668443919067,-0.7113180589563664,0.02081378064656736
0.26119525354729245,-1.2083830896939036,-0.2921936275605074,-0.043385639923156326,-0.051151291551832366,0.8862565366643915
-0.13435652560152883,-0.10343621206390989,-1.523752596539721,1.2224091818018112,-0.6439896060872324,-0.09539691239940781
0.036187003176903876,-0.9067329877242329,0.11072316771121898,-0.11540320407393694,-0.03281740767348177,1.2577657576797399
1.2930847913452888,0.114553712048321,-1.2223835097213802,1.2914287802246431,-0.4009533976084634,-0.715251624590757
1.0957966054036827,-0.8010686014306863,-0.23078028385624583,0.20159100504278443,0.05653201779035817,0.15041649770193427
-0.30528744810446334,0.916091799035725,-0.9930614940107771,0.430401299256347,1.121047921251275,1.239329349124174
-0.3055497316877458,-1.1392141429094358,-0.015605940436403442,-0.4494078779600294,-0.04539940261273062,0.8371885506775882
0.2222637516623519,0.1589918620581928,-0.8726187172409449,0.8134202449042829,-0.5054657197221291,-0.21817955360691432
0.6448885643133057,-0.07265218325522883,-0.501943456765158,0.36086787777164414,0.08512807357699939,0.026128331952387996
-0.5452307597613332,-1.00474886881152,0.05240252703357391,-0.5186053325571719,0.12029402904719387,0.792142277025812
-0.5763664575662483,0.15235530366192682,-1.1318401336112391,0.7848210390456699,-0.4432006785082778,-0.3471576449209673
0.12142599886532045,-0.4165928007032587,-0.15780974326487643,0.05674179840146812,-0.13468443188689574,0.009328784285381565
-0.6090443449204831,-0.5668126235178704,-0.29355859811330215,-0.04618376284298468,-0.15681425457898795,0.13166118627478604
-0.6594093098491971,0.10431237732856911,-0.7660778458020887,0.6331239817006705,-0.5294385221940533,-0.3765005464951246
-0.2779018165524984,0.21738018455904623,-0.05066015338562552,0.35421170729513074,-0.3507461304240468,0.0893162680279997
-0.15038648554347128,-0.3979710097295507,0.7065052796923096,-0.2901570434354161,-0.25542436807456864,0.4528783997619112
-0.5732442390375072,-0.7500942713008295,0.2966178475415243,-0.4938285636511224,0.10722924722748961,0.24893662504085612
-0.30287400181611607,-0.39560737354053666,-0.01510291087104206,-0.1012643864355442,-0.014294580735337056,-0.28816581994403184
-0.650249945984228,-0.5116018307965327,0.12146783935216346,-0.270510148880426,0.005169373475312758,-0.09998900498676112
-0.8181662516198688,-0.048220622606006396,-0.3324685910245295,0.23506470712038852,-0.25182153224367904,-0.5346298515453388
-0.6799807296298744,-0.4643865984729035,0.40373443446552487,-0.4066948239005496,0.08425434891512443,-0.005115242560441902
-0.18795045854331832,0.1791615287015534,1.2814833281705906,-0.4527572693743841,0.20176847693376268,0.7339663970721202
0.4036635725337662,3.7125338032657083,5.316736104600715,1.7422674190087295,-4.812136637157099,2.900227914054127
-0.8791749142099962,-0.410992287609435,0.31128661391930496,-0.3688554952421528,0.0871342683832246,-0.3378929456491499
-0.8796104069713955,-0.38927501198810394,0.35904065596623325,-0.384745091575128,0.10159879895276414,-0.4032086725325045
-0.7394800585134393,-0.33798758397111445,0.5685422142195269,-0.5077396670549884,0.27927506921370054,-0.30559858845798854
-0.36436211257533985,0.05351863481962087,0.3706854301080006,-0.07650094030921097,0.031742818983877104,-0.8407775519839693
-0.8118045375822102,1.630223924245598,0.29434482249003907,-0.46383400209989606,2.535149606391561,0.9132425063836029
0.58630877140783,0.46805201047909817,0.4839909397301947,0.23343154372683325,-0.0026967821578608177,-1.3828067461654978
-0.783994772251715,-0.41806852884302403,0.898903425167897,-0.7010954078990878,0.2994591578569359,-0.48335933636208567
-0.90131418679036,-0.23640117775946742,0.7719772336032679,-0.5988019994245898,0.3520355608071939,-0.5770173232622285
-1.1148586443891846,-0.22691720065138943,0.6552076734502994,-0.5115138097976363,0.213475130285853,-0.7493759184815632
-0.395889952754966,0.6085365824134162,0.5267434263160616,0.14200206852665573,-0.017302424166513185,-1.2624221232331891
-0.6766119922811832,0.2984451091064999,0.5050216742659822,-0.08708160437085385,0.10272034057186291,-1.2900040754752908
-1.0518083783158998,-0.36725501642289465,1.0649348053032008,-0.8209525223998555,0.39600610813128706,-0.7175634311305844
-0.5712636572006449,0.7898867414467176,0.7926402171884102,0.13406860053898084,-0.11138879416236595,-1.255723826808398
0.033682759092183184,5.108710818656605,0.4098062222592023,1.6908532908755267,1.5360334503836648,0.04257883284882424
0.07892562557481757,-1.1889455322423066,-0.7872052588942042,0.026189824627053118,-0.3250756468084932,1.2203198382747373
-0.16571956648857086,-1.3311800641130216,-0.5201294575195115,-0.2644540924192864,-0.15202042556779274,1.539524602925599
7.6293553489768495,-1.0294003221272812,1.1189365464543501,-0.06133078866018632,0.9700497500740042,-0.4028643791638763
0.49320349813374925,-1.193864038950617,-0.431892438370753,-0.12854042339165758,-0.17758838572503308,1.0272458596193463
0.5631896473469218,0.6126806454518283,-2.1404993966668613,1.6960120993580845,-0.6647875226962922,-0.40621770948497166
-0.16840055345636065,-0.07841423796401718,-1.6901676649759847,1.112931944451798,-0.7781138300211059,0.02383029071597434
0.26124212585094436,-1.1422327134592853,-0.36592060989387065,-0.19454965001417615,-0.1138340600062957,0.8841881618094004
-0.08459932784232137,-0.029460549701887342,-1.5806654363158876,1.0753233336809074,-0.7058867616416915,-0.1041254620301332
0.04013553926343326,-0.8415930197322822,0.041833445104845164,-0.2673533339164405,-0.09631610237061163,1.2605322850758232
1.3140951339418914,0.18171907975442028,-1.2889440511600097,1.1407328806673656,-0.46203013316797775,-0.7186746360351409
1.0043250141863438,-0.6224728504624404,-0.4288908387116702,0.1807449087560082,-0.08889992462404107,0.07975851874066661
-0.27192120930328373,0.9902920261658739,-1.0517198256057183,0.28295552411431396,1.0563025586207608,1.2367753844530027
-0.2841176660232415,-1.0598349145591226,-0.06677099776852388,-0.5941900914519774,-0.12195142218916649,0.8449282975700458
0.28648857238567477,0.26418868308358506,-0.8937620995179375,0.6806606032407703,-0.5973662849721889,-0.2053893441290501
0.8938622885408416,0.014377224450393952,-0.5121512812818458,0.2211511350321358,0.048428114634373264,-0.023404925718829742
-0.5244887525850976,-0.9344315098147121,-0.014836782610669074,-0.6689993041981076,0.06230072871776171,0.7903912768723864
-0.5604410441507317,0.22180063227548802,-1.1955936919510894,0.6351662002320599,-0.5086502294182286,-0.34625665542922607
0.20556091992053419,-0.3428175088429439,-0.2171871239483894,-0.08989100077130176,-0.1849678077678937,-0.017717171997461183
-0.5876103334206488,-0.4957527336375514,-0.355398495619274,-0.19498098763020816,-0.22263550564007084,0.13143953205866907
-0.625486000719158,0.23516047862214393,-0.7514993025708893,0.5133549316842089,-0.6685248467012148,-0.325483858616281
-0.27082600531898077,0.2050452818390619,-0.22344178614153193,0.16367151546109188,-0.3062665221611283,0.015406521941893757
-0.13160552839987336,-0.37688323833857695,0.5809490745279023,-0.46312558307335755,-0.25779875058485724,0.40652239408723295
-0.5584716087822202,-0.677986765408676,0.23625195115994857,-0.6422119662904568,0.038022153211272725,0.25286896130357706
-0.28060613757472036,-0.32682725903364795,-0.07974642093396678,-0.251157203871755,-0.07699738824367013,-0.29079652151588953
-0.6370118896907013,-0.4380423307982911,0.06255756087342071,-0.4181922843567279,-0.06613599219229221,-0.094470684066505
-0.7858491845467005,0.06772573796731501,-0.337110095285574,0.10808945454241024,-0.37210989337882844,-0.4972738136829576
-0.6391012253075257,-0.36568318910988246,0.3780684121915491,-0.5419367749783554,-0.011882984405864553,0.01322515928720227
-0.08632551340677919,0.3134529150412242,1.2176488498427878,-0.5935575050664552,0.21204703285454055,0.7387233961127565
0.23150754519593428,3.0160911827596473,4.279182433693219,1.2201233362729578,-3.9501063491977395,2.2636640043306975
-0.8521556939231332,-0.34015803644338155,0.24903135211318644,-0.5176844627433784,0.023321471175952502,-0.34099167243749295
-0.8478574791766986,-0.32010415320185776,0.29378044952209437,-0.5345421948914861,0.04266430330044048,-0.41029137350621214
-0.7246729170145715,-0.268392178015119,0.5045187122065413,-0.6573355597029055,0.21362969304243976,-0.30454643007810545
-0.3608104079960185,0.1483175271924336,0.3400656482513278,-0.21410979693505078,-0.07038206108207194,-0.8093208585616015
-0.8085698990684561,1.6986055407451814,0.2294583424319653,-0.6141762876931499,2.4672042602004183,0.919111309878259
0.9007321784120165,0.5536347336267841,0.4669236744031931,0.09408354140804219,-0.015405525496392162,-1.4691449220810642
-0.7312969462622165,-0.34594892948893424,0.8377632906053625,-0.8489479615270168,0.24184859285009536,-0.497419842147494
-0.8789870670258702,-0.17310880044818017,0.7002018404736072,-0.7513380467672167,0.2964784883747065,-0.5850350991108023
-1.0915897001898969,-0.15656308745816463,0.5924507998452677,-0.6606281739655695,0.14911297045148775,-0.751109784883936
-0.40301431650918895,0.7153149812136068,0.2433418590425033,0.08723688044095063,-0.049070758460175605,-1.4314127541665052
-0.5504544380136358,0.32704460027904014,0.6543530404928811,-0.33214078729264873,0.03506898820899954,-1.1641400540706168
-1.0077696185991358,-0.29150854449414604,1.008531921749529,-0.9671697698139988,0.33112021124283664,-0.7241599391859902
-0.5089722723772724,0.8330517249842251,0.6812718984668384,-0.03451061113795978,-0.09767771938307876,-1.2955622724582034
0.09611230785479762,5.209960325904237,0.3822702366586276,1.5546368292268835,1.4544946960750291,0.055469144349248156
0.12842453487709063,-1.1194988956478955,-0.8517440066701363,-0.12299526897434285,-0.38019839846433984,1.2051773787213778
-0.1456263991636899,-1.2544752486176667,-0.576704972862055,-0.4105132124391687,-0.224204402529964,1.543108563351632
8.063712074208901,-0.9203049734399612,1.192661030128452,-0.19125386724523424,0.930091351607507,-0.44589812838659
0.8780223398942845,-1.0922397642489698,-0.42868192003862043,-0.2592099571336036,-0.19014040580168168,0.924185285729517
0.8288288924518588,0.6944624164506171,-2.1561807195763922,1.549222606097879,-0.6756190775930395,-0.4529780683137258
-0.15711850257231608,-0.0010178924305143393,-1.746365263192816,0.9671683080058412,-0.8536591130057243,0.031275289136547736
0.22759696073618407,-1.0859385274429678,-0.43443227557887676,-0.3517864366692301,-0.1836627702026416,0.9094545364745813
-0.0019833588946793464,0.04728600101561844,-1.6373461079430924,0.9301602911722248,-0.759829461030736,-0.12899607919012807
0.09594829692057381,-0.7729773588924493,-0.037517749109120646,-0.42135934596370933,-0.12441685115234294,1.2403163376046213
1.0444362432400072,0.22221075010123395,-1.3991382257539073,0.9738965657618469,-0.5690766491478713,-0.6283173711834678
1.1303656849258534,-0.5466442515502516,-0.47842116756389125,0.03527674180359405,-0.13347699099249644,0.04458731559404152
-0.22439340770258265,1.0482030783140541,-1.1321693546054337,0.12807268978218747,1.0166026369844698,1.2106083033743464
-0.24890306473093252,-1.0034869593606497,-0.14775788264597944,-0.7498988777838352,-0.16458359487430305,0.8241118852862961
0.3611870740106137,0.3423221293706755,-0.952584743260982,0.5362566432127648,-0.6532402633656993,-0.23011166480696243
1.4151256428588332,0.19639655383134305,-0.6256855368215675,0.20583732194087315,0.03451066497155033,-0.269173787115906
-0.4950626391930478,-0.8565809040257012,-0.06985534812105272,-0.8149114229544457,-0.007005229933692613,0.7925101524685102
-0.5392362946234723,0.2919067640489809,-1.2586343333426089,0.4859045986718466,-0.5733216964159602,-0.34725996390907055
0.23450749637092402,-0.2761443377228572,-0.28503544957491034,-0.24069111799103696,-0.24270405719210567,-0.025970532578915052
-0.5676273166740841,-0.42674662030309385,-0.41976394702276115,-0.3447934184032273,-0.28629629976553667,0.1300377502773038
-0.6141430843858844,0.24196712650424843,-0.8952561909473719,0.3333731648439744,-0.6546778630553822,-0.38195418562474026
-0.2520142633953013,0.3706743288796305,-0.17257678183727912,0.05880865324349214,-0.4833634881396518,0.10255675126471989
-0.0689142474972484,-0.3496585780039798,0.46223745853488685,-0.6325217535369189,-0.25457010527188,0.34506176081499396
-0.5296364470602487,-0.6155865266769243,0.16372086652017986,-0.7951144511286429,-0.014683275987681332,0.2415428641397331
-0.3223562770193782,-0.26330117343472736,-0.15014591678925895,-0.4047132230095144,-0.1515112035340563,-0.26772536854589457
-0.6033806191356259,-0.3678054004718813,-0.0005670253808436552,-0.5672190818965481,-0.127175235790839,-0.10123967397000865
-0.7691563930781958,0.10254209726622154,-0.445212469633545,-0.058272207888805196,-0.39271647244728713,-0.5297505063424807
-0.6114316081397956,-0.3099579712478327,0.29548359732628426,-0.698001947945818,-0.055494565288833966,-0.0057661241863157285
-0.04747005121052018,0.31447440130727544,1.0677147939924643,-0.7782049726648749,0.24763862894281186,0.6722069153611708
0.30752234300569803,3.518387339405552,4.7723358260924,1.2800339986327218,-4.5568778534702545,2.6536403377472073
-0.8369406544857529,-0.2708099848395972,0.18518564334364557,-0.6673969679155429,-0.04223005911725208,-0.3398248876601867
-0.8087927329021257,-0.24775203560288506,0.2331468674404973,-0.6824675118231937,-0.01937831449170537,-0.4177489126929747
-0.6796168428111063,-0.20421002966135895,0.4366960401155446,-0.8092901529048273,0.1620579705079952,-0.3185276941412298
-0.24580774119652268,0.10182807241399529,0.39309516790020865,-0.4956169095802403,-0.044295225361432634,-0.7500486953581696
-0.7719770029789826,1.7662425227488525,0.1658008004877462,-0.7647962100916029,2.4095860962130735,0.9126127562998168
1.133807589440654,0.6516494860356241,0.44711832415004343,-0.039361981036387245,-0.05778359932633248,-1.5296985472751636
-0.6683932816208904,-0.2517485214873193,0.8047352221209297,-0.9860023058723906,0.15888780157876423,-0.49520673085173594
-0.8397206900098524,-0.10484467064089335,0.6342368947481667,-0.9012294499729246,0.23981569308931538,-0.5965989485957363
-1.0673183070478738,-0.08329372351699912,0.5333798447459179,-0.8083194469494707,0.08131463415409718,-0.7505727687969479
-0.35528821494650525,0.7287802541179604,0.30525020098939515,-0.1878164365082851,-0.002974937177471927,-1.293600055103579
-0.46515849005731147,0.36457793082559087,0.5471315507816668,-0.4965017604846449,0.033628738911780295,-1.2270753122955231
-0.9473568026757352,-0.22411235780364785,0.9446049969595146,-1.1173651610027497,0.2800541863098406,-0.7422454288272834
-0.44163498134421675,1.0405086482120334,0.6511638148239094,-0.15974729458222367,-0.08767899401468107,-1.2128221012344218
0.13654306570307048,5.3553628057267915,0.4125454068897977,1.4421223618107664,1.3002110639886175,0.11388313014397326
0.18904140324904584,-1.0444818690751159,-0.9094524229882266,-0.2693338559551696,-0.43905396551723813,1.1899832278563265
-0.12365182411083869,-1.0547137611684358,-0.7445235208389763,-0.4206864507413522,-0.3625886433344098,1.4479639670703626
8.587076919809316,-0.877007788519254,1.1771770648867546,-0.3510776702319679,1.0023640590764544,-0.5990904449161012
1.1303474539149398,-1.0087799282050136,-0.47031472090030796,-0.3992772317455767,-0.20632218781067635,0.8372365997694958
0.9599002040682262,0.8051272054289215,-2.2203511712127804,1.4087030304138723,-0.6834611458732046,-0.4852949426586198
-0.09471564518324345,0.06061931433906449,-1.8121129461013967,0.8139301846997302,-0.8997658598174056,0.013563636626575884
0.28406241184770537,-1.0101927463738996,-0.49326536416238836,-0.4977245261544088,-0.24353594804749065,0.8943307639182461
-0.002650065084957138,0.11786270386813455,-1.699978425869429,0.780855247454536,-0.8314426164786216,-0.11995385847212832
0.21468073106224192,-0.5163727976412382,-0.13231095201122478,-0.40209969020563274,-0.31008601917131645,1.153932420385452
1.0232488026931676,0.2937526094048931,-1.4661383127686285,0.8250719654297017,-0.6448627729981969,-0.6159126634572486
1.436712577370047,-0.4551312323730507,-0.489260189601134,-0.10127060694998014,-0.15536248898041224,-0.03404028815049009
-0.15729683342299133,1.1273778886222054,-1.1808897029921186,-0.01636154365077855,0.9522760242824976,1.200914389945415
-0.2154565921223313,-0.9283585036576764,-0.20470809879410728,-0.8965622642580945,-0.23192953332619737,0.8219829154444365
0.5423524429746736,0.3905457570966485,-1.0465460950346588,0.37732298216494725,-0.6368510410847873,-0.3235837741612911
1.0972974711278822,0.47961834302544365,-1.0172409802619533,0.31254283947081013,-0.189890809497394,-0.42618718721835536
-0.470645055922033,-0.7890583165407952,-0.13592448550241668,-0.9653929040671934,-0.06755728564642668,0.7879372932158442
-0.5189380352961604,0.3619142133390889,-1.3218040650180092,0.336583879348901,-0.6381315688557121,-0.3479531909408869
0.31155015404634534,-0.09599944559699349,-0.47657880065522584,-0.25885723829971513,-0.3430352989349983,-0.1653553762458971
-0.5476837899138176,-0.3567899254914905,-0.4829787107644857,-0.49414417235413716,-0.3511563886764303,0.12947974084790065
-0.6002448574878376,0.5126448059887084,-1.23982689466991,0.43473528476316303,-0.7989264209432007,-0.622517348550276
-0.213538152273955,0.3910011926059358,-0.30678604342590793,-0.11622147537317137,-0.4672998751452527,0.0441522964963508
-0.05764382476069232,-0.3458240999840046,0.314558547374021,-0.813921411543256,-0.23688913752358504,0.2856134680108108
-0.4992708772556554,-0.5504905479676686,0.09507636509872014,-0.9467174934023436,-0.07065253897680901,0.23262582127673956
-0.2902226703945273,-0.1925710111104162,-0.2129623707651474,-0.5535050895925664,-0.21344725023537547,-0.2737422330841574
-0.577734392368927,-0.2905082381789568,-0.053977377955308346,-0.7129732430893193,-0.20003735104211404,-0.09687061845904842
-0.7436204931621339,0.1983580987141007,-0.4757373634603791,-0.19504690918058723,-0.48900897968148643,-0.5086729163890049
-0.5774675266355529,-0.23621533555410754,0.23650027687854613,-0.8453734293526922,-0.12057306855610272,-0.009590681579939747
0.06424877878669927,0.45320302124970835,1.0993216453437706,-0.893615538262685,0.11777553668469527,0.7044552152336632
0.2613800562548611,3.2441077513495395,4.27342742665722,0.9634053089434892,-4.200555135688725,2.3606734002076624
-0.816219960223494,-0.20077587078327222,0.1220847998937607,-0.8167011227362803,-0.10696915261635895,-0.3406405280282345
-0.7754783225534119,-0.056290426833081976,0.056420181287595746,-0.6958654678357422,-0.14697651777410492,-0.5259422534606196
-0.6333571325965462,-0.10783341659610236,0.409888419261949,-0.9456772017812848,0.06948070013892674,-0.30260095072592297
-0.17855596858377917,0.1650071390924244,0.3202159324027146,-0.6475932927868534,-0.08591054246236964,-0.7795044540459293
-0.7219024108395161,1.8296064394785783,0.09930982858324999,-0.9172001567447464,2.3592265731767808,0.898477749745795
1.393934460186301,0.7337024602264284,0.4067982727188554,-0.18016306318430875,-0.0715848143764766,-1.6177253452697224
-0.6425167257511116,-0.20646831067593654,0.7096865280662753,-1.147178044124603,0.12769865236040048,-0.5222499379087686
-0.7982081023794299,-0.03761959322819001,0.5607572966035169,-1.0534857622961373,0.19556968862645202,-0.6112006303481904
-1.0448201927380008,-0.01860268144471216,0.46341094444768705,-0.9601788720931242,0.02399738403144746,-0.7573147690088826
-0.2508860720685104,0.8324796215647555,0.28393475140515934,-0.3198527029822481,-0.08531140901349459,-1.3011719843362624
-0.348600478043112,0.46627705287841825,0.521779678623354,-0.6291800645527368,-0.04203021604639194,-1.2440827767485814
-0.8950256701198885,-0.137663562424382,0.9042007843501046,-1.2584232602191898,0.20254740715460048,-0.7395859452518853
-0.5209300229338735,1.0323209376515945,0.48487577193671677,-0.3484742913003176,-0.07774460279614805,-1.2453823554891175
0.08859542653427034,5.287230863215655,0.17441291390402544,1.2251390239099371,1.3922151151888214,0.014477284413407784
0.15470443688254296,-0.9785678652973326,-0.9764289990612102,-0.4214017114766278,-0.5154838414374343,1.2116830049516605
-0.08412717721357857,-0.9690922674099782,-0.7878255241901443,-0.5622169863176232,-0.44178016679937937,1.4533661333471728
8.598003704768296,-0.7561326755574653,1.233977161288913,-0.47898020480751297,0.8397300923529706,-0.4797999368170575
1.0232189613555267,-0.9354934876223526,-0.5317147660165197,-0.5485274085119368,-0.3115463760257442,0.8940124445771461
0.8548315175373246,0.8749682116573809,-2.3084342127266377,1.2563045378216584,-0.7629580117388862,-0.45201996434198455
-0.08243917898947319,0.13593343801033386,-1.869516001016572,0.6669764497073739,-0.9727501023349331,0.020711651613812984
0.22743825657048183,-0.945332067771957,-0.5688475309316207,-0.6502271353028638,-0.3211394815783166,0.916261142367133
-0.022733174171526625,0.1942733226202683,-1.754532602569534,0.6340876364466436,-0.9166299069049991,-0.0958840092016718
0.45197310294575077,-0.47657108459672964,-0.23768682130850477,-0.5630503612119846,-0.2700818704213178,1.022626623275855
0.9034661159477191,0.47020397820436965,-1.6688234871450611,0.8002468890054373,-0.78637571915163,-0.6702660237657025
1.3674107912126992,-0.4099591795878806,-0.5511580857832402,-0.2653659648611515,-0.23296400399472642,0.021891453266292254
-0.13874902352002594,1.2430884666956974,-1.2251211590401443,-0.15601817107421714,0.8955870848591864,1.2387332545385044
-0.18003244864327195,-0.8550735826315133,-0.26405497615087453,-1.0440884867405982,-0.2962977426078287,0.8171631896694893
0.6729476476380113,0.4515556854580775,-1.1211321362104576,0.22313967994680425,-0.6515167970504098,-0.37665987794806693
1.2463077303697994,1.0494286697054096,-1.1438789118286146,0.18608132625904167,0.33956030643522517,-0.11188382771429835
-0.44477171475220556,-0.7101193419837476,-0.18762570846759025,-1.1103352912048974,-0.14223893039294896,0.7933034068988207
-0.499739722537183,0.4317159299859578,-1.3850915826230052,0.18714253923978513,-0.7030814346728813,-0.34817186261777366
0.4223643398495088,0.008217368365323248,-0.499180401213123,-0.3906921958288258,-0.4223448433163731,-0.1770087713183247
-0.5329833520350266,-0.2875115446394054,-0.5468915345672563,-0.6438979981155094,-0.4167820530428178,0.1308381584217293
-0.5698544795671159,0.716270199834514,-1.4002049655631397,0.42725066968570635,-0.9438582960665965,-0.7172037595075561
-0.1755470414017071,0.4088101720788592,-0.4386846451515482,-0.29207424909244817,-0.4533495065644201,-0.011710441383604372
-0.0012993505939172655,-0.2755808657102618,0.2503749481257454,-0.9629166654668996,-0.28965076066932405,0.2682736154484427
-0.45498712562699334,-0.48267252587673287,0.030274293428626826,-1.096845824921673,-0.12622673516390576,0.22048003612306494
-0.3163480580446155,-0.12895701026162518,-0.282137823439567,-0.7066149993466784,-0.28490977861550754,-0.2570239787055481
-0.559429820443353,-0.23063852839944954,-0.13582503621950953,-0.8690790007327421,-0.2423894852645367,-0.10693143854643702
-0.7227274119490636,0.2586609430083117,-0.5512481281583876,-0.3490491039298208,-0.5411886023348923,-0.5187848724533853
-0.5518493060045894,-0.1886647998370025,0.14521518102615627,-1.0055489389942809,-0.15508061986670302,-0.03316915347125039
0.08192119786785564,0.48445559882392175,0.993036108916682,-1.0620352907743296,0.09861008148939954,0.6759628590406501
0.3176284901664895,3.1948064364118727,4.061414278816652,0.7566795166735741,-4.103012739715485,2.235016584883192
-0.7901392947638549,-0.1328330398844258,0.05614441771366464,-0.9669381574703556,-0.16734503087761882,-0.34605570990355367
-0.7423055048631044,0.009746996743868967,-0.012111848556913564,-0.8469239474638224,-0.2027238312296381,-0.5365464222162375
-0.6008804637930163,0.786591124258362,0.18118181819517307,-1.0655813611188765,0.9875054560544483,0.25823323064920994
-0.04152676688384403,0.27641786519836115,0.2983421603073523,-0.7776762137616928,-0.1541860107807896,-0.7990857189627619
-0.6716982381472142,1.9096649658212788,0.051762665607905226,-1.0614218600782361,2.2887477269687166,0.8972576506241755
2.0769177119958364,0.8525241098808655,0.7202616074762401,-0.37757469360839113,-0.1164390118859052,-1.5954378187375906
-0.5567682944347391,-0.12984119994803228,0.6536599887173953,-1.2923985699074763,0.07438388587137892,-0.5476657161366068
-0.787028252259888,0.0842227934251435,0.508768408683477,-1.1946415373465389,0.15379777089054714,-0.5680450928256281
-1.0190123989656688,0.05484885482406242,0.40455204324717386,-1.1077614668091431,-0.043571218666073885,-0.7573203582411838
-0.16137025196204824,0.8740535562701783,0.1802576691754763,-0.4831619519592883,-0.0865270949666084,-1.3610913649394403
-0.18341724315789806,0.529522685159618,0.4206611942331267,-0.7875470169107545,-0.010309335859214694,-1.3251486059464554
-0.8337658967455166,-0.07349185446973316,0.837081673713483,-1.4102107810650397,0.15536417568771,-0.7599934378981775
-0.39327240545166703,1.1391172374990794,0.44562467433729197,-0.4860980753917775,-0.11817258021978042,-1.2621344542023214
0.10583833073414822,5.502060721383297,0.22631641595579413,1.1238898064732745,1.2593191061285214,0.14226381110920527
0.27043725752417297,-0.8895604680312633,-1.0178722313383934,-0.5601952869903729,-0.5752196233456076,1.1830484554126128
-0.06279206090161388,-0.9048137781753057,-0.8614216939358069,-0.7148695118875538,-0.49486032286912596,1.445151015041494
9.485487282687208,-0.6892196483452266,1.3331577402256958,-0.6269182168835994,0.9419039609905259,-0.6719653751281314
1.180413490941512,-0.8521585338343105,-0.5863213695896282,-0.68923939948764,-0.3484679258155273,0.8341987833841474
1.0139898062408872,0.9483913688481582,-2.3402918728256266,1.1064599852511736,-0.7979284570368618,-0.47159167621397996
-0.05922491044040339,0.22526337284330963,-1.9321174768347071,0.521070138657135,-1.0254644035900544,0.028840666263142165
0.22690446252869667,-0.8759510705124287,-0.6309141148121731,-0.8002115120818998,-0.3923389982368034,0.9266412963080933
-0.014834190911243824,0.3761658295699353,-1.9458900480052792,0.6152269733731438,-1.0360487912267615,-0.20279233050007228
0.5735690952066587,-0.4009665654883723,-0.29441451353927434,-0.7083419784505002,-0.3118355564119147,0.9808767442081416
0.9890945646906886,0.5510226627512721,-1.7208188981142731,0.6550465945667044,-0.8378192787207768,-0.6871822159742503
1.5073340874268095,-0.3332478952340393,-0.604060135558186,-0.4100011055140032,-0.27210447877742744,-0.02414584424626137
-0.11230319065374232,1.3257535570499184,-1.2914109105245304,-0.3051552969080654,0.849128942183667,1.2443760645710988
-0.13886027451741886,-0.7782893682711461,-0.3190702728232901,-1.1898444056902033,-0.36339777283930286,0.8129160907477242
0.7155083516206124,0.7198515919957631,-1.2028300219442933,0.08804506983697426,-0.5113336215073886,-0.24856042078155952
1.4781046716689406,1.1694373014036799,-1.1629721437852225,0.04328722717870646,0.3513719782423108,-0.12161015133550307
-0.42976758356446043,-0.5923143496547956,-0.2638008864952396,-1.259204511632768,-0.14566728908902185,0.8276859785596129
-0.47374189363503044,0.5024398234479189,-1.447493023569652,0.038248087746296955,-0.7670522764872647,-0.35092444575009274
0.45415323129434615,0.08984727813215625,-0.547742212121211,-0.5342414068773151,-0.4985902879040839,-0.17211569350421427
-0.5113332312310662,-0.10190694006885367,-0.7304888825292121,-0.6601854516572372,-0.5409970731264296,0.022716451726720783
-0.5260427257333823,0.6661851708583957,-1.3489964301856254,0.14305629027729252,-0.9359723717992074,-0.6262781185786843
-0.13261601975950513,0.5440902551634661,-0.41793151553286834,-0.40970793309093007,-0.5954686318264676,0.04036639566965898
-0.0028014888534605305,-0.14440070156108978,0.2660705150137196,-1.083048752402385,-0.43987437792797013,0.33647240278689644
-0.4263041100868269,-0.41333094761050143,-0.03339379746823282,-1.2463981026844833,-0.18790556154951635,0.21581141520657143
-0.3352670588824544,-0.058891413074791926,-0.34322484268196873,-0.8565095430477987,-0.3624649034547893,-0.23760165025293498
-0.517175130046234,-0.1538257125918254,-0.19047834667416802,-1.015128089436736,-0.30842108736439616,-0.11035019118516934
-0.6983458016355072,0.3388171863329474,-0.6013812146597032,-0.49342025844692294,-0.6178932927863342,-0.5115852210278733
-0.5185731738521016,-0.09241770199936788,0.1138435673868203,-1.1424397356862297,-0.24730674282626988,-0.01540792134493757
0.10297075834810172,0.4129917739086508,0.7525503064668284,-1.2798417698479474,0.21418244569309108,0.5446905669991968
0.24546112100896503,2.4093372281318546,2.9212436182013337,0.192275852503405,-3.1031590324152343,1.4823781462281433
-0.7646189992924028,-0.06218803403734052,-0.006312871638942493,-1.1158790461617254,-0.2313800397191484,-0.3486141909789135
-0.7144110283857881,0.08070384121733384,-0.07425515794768596,-0.9956796539570016,-0.2664136937710503,-0.5399780559989217
-0.5375742057937293,1.1007348441254676,0.08482720084033868,-1.200320470360246,1.197026672572286,0.4072432549856471
0.17269047675658,0.5389025400188874,0.20831895850720214,-0.7541417776254625,-0.31800765414094884,-0.9263486419300925
-0.6555771801889033,1.9836097621652575,-0.006769336574752818,-1.2088753590535195,2.217859323595775,0.9017081150690462
2.0725792238701057,0.9610791171035418,0.7014961513009138,-0.5083572601186415,-0.23541229130896105,-1.554292017074665
-0.5067440421781044,-0.042191355328898644,0.6122711059655225,-1.4327815297456317,-0.003947119411670879,-0.5458771676285399
-0.7422042095222646,0.17220553653988743,0.46863976149503317,-1.3349740411691715,0.07304954405171832,-0.5625851543752481
-0.9967454070734448,0.12231419670650892,0.33809672902863064,-1.2582826466980535,-0.10450912182733406,-0.7613597584447457
-0.05679922522081427,0.956738277280274,0.13149954594854266,-0.6251928541151331,-0.14182922873617662,-1.389782536824405
-0.23924157551899708,0.5686092935023066,0.3199845578560337,-0.9528915155414359,-0.05881203284205935,-1.3185311880595245
-0.7699436328677893,0.007984489832453652,0.791503041921795,-1.553581135204292,0.08698559952858474,-0.7657979179140557
-0.27434666979985856,1.095618209143125,0.39167887801375867,-0.8036998049517572,0.10355642274429747,-1.2095427407925659
0.21059422120586946,5.450972264017848,0.005502920049540858,0.9173196157995137,1.3768392562032246,-0.015003233363288543
0.30572450751558355,-0.8274250292228459,-1.091453185223926,-0.7131077447380851,-0.6252878374044915,1.1677090783107305
-0.03940065173144795,-0.8093683499093584,-0.892189788391462,-0.8518624584030098,-0.5914344721485151,1.4671204397350173
9.562359471431105,-0.5419016650459803,1.3886016586497338,-0.7391640569542768,0.7832514886270777,-0.600615790421105
1.5155579872971727,-0.754162803766356,-0.5953670701189235,-0.8219202763309451,-0.36674797099143835,0.7407968700837692
1.191041406334429,1.0276943080651932,-2.374598278758518,0.9572824374309739,-0.8204660238320585,-0.4971857458934343
-0.032286431042289024,0.636904172966823,-2.360961321701051,0.7682826752345906,-1.2623139076785677,-0.297539603604209
0.3411471170282061,-0.7910384237086793,-0.6804136351122684,-0.9408650247277647,-0.44566347150894203,0.8913766954265018
0.054978341486046,0.44337938227345725,-2.010339216890368,0.4650781269178949,-1.083949957584851,-0.22562650053266858
0.5733751267266083,-0.27146701638217735,-0.28581712867925946,-0.8302912005770186,-0.45273508343575336,1.0446157204828765
0.9832433007455095,0.6172793239097802,-1.7886872988843843,0.5017149780078058,-0.8996546730215265,-0.6741154306283729
1.7610298132637354,-0.2368938859878815,-0.6320108083225383,-0.5436861599586941,-0.30292131522032745,-0.10283778986040525
-0.18607830356690996,4.972218744358837,-2.040031238033004,-0.31349571366134615,4.933032987352131,3.7357969961082844
-0.14611453531012603,-0.6992462670181375,-0.3699502634532118,-1.3351918461702794,-0.4483657534144608,0.834096642929722
0.7260840519332064,0.7839094273088879,-1.30074164491822,-0.07262553147151704,-0.5254837481271944,-0.254946129042825
1.5548276497853166,2.6755445519271768,-1.4624211184179372,-0.0337153431348792,1.9063826075774009,0.8350011646597786
-0.4019014632571983,-0.5172841732062143,-0.3214605542774242,-1.4065315817263635,-0.21238528584579355,0.8289480477070574
-0.4501335033911789,0.5728678199080979,-1.510215540143132,-0.11082819741348994,-0.831360499566388,-0.3527989377781422
0.45958864955759715,0.15628913036305986,-0.6153721532734446,-0.685479054930549,-0.563243877378171,-0.1694003300728631
-0.48772669797406787,-0.03011143562063651,-0.7914245286981966,-0.8086023134764413,-0.607090896068343,0.022187152765063965
-0.4985008591622388,0.730288201510594,-1.4201389898061456,-0.009001542762646426,-0.990812213491651,-0.6363574358732295
-0.1061994404510273,0.6810765963911237,-0.42405550467824,-0.534234211086832,-0.7001027331987242,0.09255145779530845
0.0007705525385173458,-0.10157353640055755,0.16870082241392828,-1.2457825678916779,-0.4747795054767222,0.3182483296042453
-0.39974806327890006,-0.3304031236876581,-0.08036911570464772,-1.389384059514628,-0.2673227896541266,0.22420323750123758
-0.26255040526974205,0.01810789212710441,-0.39951067421264075,-1.0016809277122731,-0.4196892106045052,-0.25769502003426115
-0.5026936777281658,-0.07976377446914405,-0.24931575550775437,-1.1626356812706302,-0.3793341251020423,-0.10527312169877724
-0.6832790870075182,0.3665073989412204,-0.7186037781084135,-0.663243108570673,-0.6298008305445747,-0.5501211463895969
-0.4917968447241102,-0.04346005012451374,0.024037473308007484,-1.3023727500285216,-0.28162218311385767,-0.03718418286989765
0.1687911035693038,0.515139755772691,0.7270894838133383,-1.4129190139529906,0.12337592117259186,0.5500899435582247
0.09659418329375528,1.4819963358979094,1.5881043295445225,-0.4418667505912897,-1.9342122829375155,0.6176668924455043
-0.7412070246269048,0.008195921149807951,-0.06905615152724796,-1.2649753590154298,-0.2957267031853067,-0.3504154345098171
-0.6942869397301026,0.15066901380560166,-0.13743915752376012,-1.1450249875423657,-0.3312425805943682,-0.5405850512303714
-0.49425309457031436,1.1704640707221732,0.018977131569917052,-1.3493654578363778,1.1406502335658857,0.393122190109767
0.18471331991866746,0.5573940742107967,0.07944103610796613,-0.9284934122356159,-0.3188931126299255,-0.9720130339505739
-0.6330899016872508,2.041339990144926,-0.08562365776202535,-1.3640966049817822,2.1694911490675746,0.8883663694631351
2.026438479170722,0.9838953182945137,0.5748989877727865,-0.6811726956965235,-0.257296537789801,-1.5737232152313454
-0.44609862001985484,0.021514186740686548,0.5404336278330295,-1.584598120017017,-0.04841831193865025,-0.5714410207349023
-0.7164788554847052,0.21532501399568366,0.3713688197901805,-1.4972325777846875,0.044331087332298985,-0.590930168223295
-0.9730318870637354,0.19270631539108737,0.27540782422727905,-1.4073738556460518,-0.16880021952141913,-0.7632340647906324
-0.025712467721370168,1.0540885908206399,-0.0023328256905314907,-0.7927224065118871,-0.06318407482121323,-1.3892765003558143
-0.08226763349838606,0.6838978445119711,0.3107281993835941,-1.0785327229676187,-0.13901051957518767,-1.3420175404517964
-0.6718677288817605,0.07918627084406149,0.7346604218698248,-1.701566319074999,0.04088289971738392,-0.794508281804042
-0.3250343986078522,1.1689769366551042,0.32033205107273943,-0.9538125799499635,0.027171224076206507,-1.18400961543575
0.1512395248919901,5.6552291820927305,0.11838622104967238,0.8315813601296146,1.1133006204463989,0.15315992977104056
0.4308617965225182,-0.608773380077634,-1.1396193680562414,-0.841068905365717,-0.5614279112639246,1.2266544098223477
-0.0501775159510801,0.7640780761400773,-1.2539520135447104,-0.9450688600002637,1.1080444908813414,2.508659185254478
9.433919454702526,-0.49265791973468803,1.2566144278069316,-0.8983232531874992,0.7248552080162493,-0.6053632182905813
1.5158808237948305,-0.6999743802409097,-0.6752798919126751,-0.9793074268427004,-0.41901623281030687,0.7382492304991709
1.3456748932830234,1.120026793178956,-2.4199013793031283,0.8125827357824132,-0.8418116189885874,-0.5252883348885476
-0.012658423859901105,0.7014336932603102,-2.431407138274531,0.6163218754233561,-1.320118428940898,-0.30347235899455255
0.45487402847371916,-0.7169795204798506,-0.7347306240514945,-1.0872143289285685,-0.49020622434579014,0.8569842462068902
0.09585067944937659,0.5571984080182385,-2.0672181347578618,0.3212326432054971,-1.113026649389869,-0.2000912829796207
0.7105645632900791,-0.14516106440981838,-0.3884935519008118,-0.9841117183433232,-0.37074285755651565,1.0235092930906957
0.9462788125962331,0.6846799679535783,-1.8541514594956119,0.3498377222146966,-0.9769287382280741,-0.6487861663874055
1.9348335318734533,-0.17191095300049028,-0.6625370839005602,-0.6954003992127579,-0.3377639221695225,-0.13002895675739815
-0.15878646851574596,5.060591707753018,-2.0937846482797657,-0.4577434436945093,4.869003162412874,3.745843438717374
-0.13625815868586094,-0.6542077221416721,-0.46473562231383864,-1.4967176507563231,-0.4842823720827021,0.8147171870005799
0.7785016818541501,1.3883043370983628,-1.4798622163058743,-0.20235212251508355,0.05940086299819215,0.08760608194021068
1.7008143016757051,3.0310176035310628,-1.5410226195963954,-0.1678361992880669,2.1768287184290473,1.008614677874008
-0.3717088712806331,-0.4389801143535392,-0.37325195013875245,-1.551757738421105,-0.28538851849715163,0.8326326123788337
-0.4289328361516203,0.6443683381658641,-1.5714812994638452,-0.259416191420558,-0.8978236797571175,-0.3524834791114541
0.48827646138381126,0.23895974868603467,-0.6622077326033372,-0.8285850883698915,-0.6419625559103245,-0.16164430531912635
-0.45608811378798936,0.038611650496151215,-0.8566286962572339,-0.9584219305920443,-0.6665504208318463,0.014826938794461572
-0.4851650863438968,0.7702988075462311,-1.5216080059063541,-0.1728991055771155,-1.0190856826392845,-0.6623893040299483
-0.11146144701439392,0.5901171050422065,-0.6905432902316744,-0.7618488174797189,-0.5662359170144763,-0.04641630699009688
-0.011005330831819801,-0.06883551019502714,0.05888149359856382,-1.4135732504466239,-0.5015755674419476,0.2977717992504933
-0.38311685770320497,-0.2737896863180352,-0.16142858535660579,-1.5451810858190391,-0.31554640374010823,0.21149073312210862
-0.20324376138363937,0.09455991591017165,-0.45330617084512875,-1.1474480137966179,-0.48192819104478446,-0.2684146183718429
-0.48835891634363043,-0.01106726965774989,-0.3172711854560539,-1.313559644286712,-0.43915832897480683,-0.10522303000210925
-0.6555788696782961,0.4577019834799587,-0.7546609090805597,-0.8022401328323391,-0.7197161916443664,-0.5339572410974746
-0.47804374852980913,0.016366006802697657,-0.05466366956821306,-1.4572381409168678,-0.3317320789066939,-0.045700683156385744
0.131013603423847,0.48284223072834237,0.5288387176931609,-1.612169093041775,0.17552701897162853,0.4729994613781308
0.12654709520509208,1.4407768396391976,1.3776425856264074,-0.6445794953921009,-1.849977858337594,0.500851916260517
-0.7195710128809288,0.07835774234600226,-0.13203932795691833,-1.414203865790657,-0.3603351650659687,-0.3515762565759042
-0.6638497485801791,0.22192911762432435,-0.1992323202596653,-1.2935998286568098,-0.39455281276633647,-0.5449167073036216
-0.48439993209792764,1.2108333339813533,-0.07610477565024056,-1.5134267174826277,1.107588401295699,0.3761692161954613
0.2323389116934409,0.5857491743239528,-0.03824300539809362,-1.0975131344317117,-0.32133517802226697,-1.0261401359555073
-0.5845429738603928,2.1349534520235687,-0.11796166946830079,-1.5016896145517287,2.0822553159615906,0.8982184569698806
2.2771286859379836,1.020481369271402,0.47700565232337694,-0.8440754555288613,-0.21566223211090044,-1.7000862047971408
-0.4090987136350295,0.08093810638363132,0.46359457563459877,-1.7388082030885228,-0.09460765182949903,-0.5898771815645846
-0.7028902557007023,0.28998061331142977,0.31443614629109495,-1.6444095064441755,-0.028602345467885454,-0.583829271301969
-0.9490236249068986,0.26594596200199383,0.21629988203000958,-1.5550828986387137,-0.2366383828496877,-0.7626058141542038
-0.024888026251183172,1.1200183842454035,-0.06857059293377833,-0.9444103838128354,-0.1295396964961441,-1.3823728231113914
-0.07632704420231264,0.7316156229360526,0.2188431912330498,-1.2388796018567705,-0.17895010578969692,-1.3574579945152125
-0.5948403563235763,0.15541151439264303,0.6867673709753882,-1.8475207497520485,-0.019292287112975502,-0.8059193351588181
-0.24152398015874776,1.4012901231561143,0.2087913080556735,-1.1028599947962323,0.20501527626569632,-1.0998293301997697
0.021304648540054753,5.371104526749348,-0.39586005727031665,0.509223694588723,1.4592604627918373,-0.11472337851466509
0.43609649429932645,-0.5557164987376936,-1.234488726315675,-1.001943365351248,-0.5916223558967716,1.2152432295894382
-0.016809719067199917,0.823539330388973,-1.3306858896478209,-1.0993102962458465,1.0607051114766932,2.4919608096529275
9.613379824003372,-0.24905814028546963,1.512696389405,-0.9678927652421083,0.433461129653316,-0.3909065581971344
1.5545874826599702,-0.6451566407551182,-0.7448992677641788,-1.1363687234646753,-0.46606288497662257,0.73053085904419
1.3079336919888098,1.190343104988473,-2.496736448357304,0.6633636499694431,-0.9162994318435335,-0.5166157374734099
0.10487219650688853,0.7824414196351752,-2.485867126626401,0.4653206795394083,-1.3404765606688474,-0.3189500787107002
0.5084006976129835,-0.5241626187727498,-0.913073687904345,-1.099414562466469,-0.612108287060986,0.7365926480975717
0.111621478386634,0.6371201748265276,-2.1140836541162558,0.17646132822557134,-1.193949982956985,-0.18492596338103617
0.7725283432534616,-0.09506059999312422,-0.4739740566608361,-1.1427038037675934,-0.39927972678645096,0.9890612226403274
0.8795820842839525,0.8505917065006591,-2.0602118174355843,0.32277536063372353,-1.1033316750510298,-0.7326409687437687
2.0836030553470644,-0.1251153584667058,-0.7011893888240832,-0.8569659544301845,-0.36498207440943875,-0.14495834412234387
